{"cameraMode":{"drawMode":0,"name":"Shaded","section":"Shading Mode"},"sceneLighting":true,"audioPlay":false,"sceneViewState":{"showFog":true,"showMaterialUpdate":false,"showSkybox":true,"showFlares":true,"showImageEffects":true,"showParticleSystems":true},"in2DMode":false,"pivot":{"x":-92.03079986572266,"y":-488.26422119140627,"z":-291.62060546875},"rotation":{"x":-0.1437804400920868,"y":0.019886871799826623,"z":-0.0028901754412800075,"w":-0.9894070625305176},"size":2107.588134765625,"orthographic":false}