{"cameraMode":{"drawMode":0,"name":"Shaded","section":"Shading Mode"},"sceneLighting":true,"audioPlay":false,"sceneViewState":{"showFog":true,"showMaterialUpdate":false,"showSkybox":true,"showFlares":true,"showImageEffects":true,"showParticleSystems":true},"in2DMode":false,"pivot":{"x":1.1533501148223878,"y":12.427983283996582,"z":-2300.240234375},"rotation":{"x":-0.25834619998931887,"y":-0.0008718392928130925,"z":0.00023347814567387104,"w":-0.9660546183586121},"size":2.715853214263916,"orthographic":false}