{"cameraMode":{"drawMode":0,"name":"Shaded","section":"Shading Mode"},"sceneLighting":true,"audioPlay":false,"sceneViewState":{"showFog":true,"showMaterialUpdate":false,"showSkybox":true,"showFlares":true,"showImageEffects":true,"showParticleSystems":true},"in2DMode":false,"pivot":{"x":76.51544952392578,"y":76.0706558227539,"z":-25.954723358154298},"rotation":{"x":-0.005389889236539602,"y":0.9946041107177734,"z":-0.07504520565271378,"w":-0.07143452018499375},"size":26.190279006958009,"orthographic":false}