{"cameraMode":{"drawMode":0,"name":"Shaded","section":"Shading Mode"},"sceneLighting":false,"audioPlay":false,"sceneViewState":{"showFog":false,"showMaterialUpdate":false,"showSkybox":false,"showFlares":false,"showImageEffects":false,"showParticleSystems":false},"in2DMode":false,"pivot":{"x":36.529685974121097,"y":8.84210205078125,"z":-145.53988647460938},"rotation":{"x":-0.3091832101345062,"y":0.31163811683654787,"z":-0.10794200748205185,"w":-0.8921200037002564},"size":146.19105529785157,"orthographic":false}