{"cameraMode":{"drawMode":0,"name":"Shaded","section":"Shading Mode"},"sceneLighting":false,"audioPlay":false,"sceneViewState":{"showFog":false,"showMaterialUpdate":false,"showSkybox":false,"showFlares":false,"showImageEffects":false,"showParticleSystems":false},"in2DMode":false,"pivot":{"x":1.4085283279418946,"y":1.5723671913146973,"z":-0.6431518197059631},"rotation":{"x":-0.2762421667575836,"y":-0.6195369958877564,"z":0.24773383140563966,"w":-0.6919093132019043},"size":8.08481502532959,"orthographic":false}