{"cameraMode":{"drawMode":0,"name":"Shaded","section":"Shading Mode"},"sceneLighting":true,"audioPlay":false,"sceneViewState":{"showFog":false,"showMaterialUpdate":false,"showSkybox":false,"showFlares":false,"showImageEffects":false,"showParticleSystems":false},"in2DMode":false,"pivot":{"x":-557.755126953125,"y":-834.4733276367188,"z":-1120.2239990234375},"rotation":{"x":-0.3226797580718994,"y":0.6469984650611877,"z":-0.35090601444244387,"w":-0.5954653024673462},"size":1009.0528564453125,"orthographic":false}