{"cameraMode":{"drawMode":0,"name":"Shaded","section":"Shading Mode"},"sceneLighting":false,"audioPlay":false,"sceneViewState":{"showFog":false,"showMaterialUpdate":false,"showSkybox":false,"showFlares":false,"showImageEffects":false,"showParticleSystems":false},"in2DMode":false,"pivot":{"x":-50.734901428222659,"y":21.040775299072267,"z":-51.71867752075195},"rotation":{"x":-0.05092115327715874,"y":0.9092385768890381,"z":-0.3968769907951355,"w":-0.11607568711042404},"size":472.9046936035156,"orthographic":false}