{"cameraMode":{"drawMode":0,"name":"Shaded","section":"Shading Mode"},"sceneLighting":true,"audioPlay":false,"sceneViewState":{"showFog":true,"showMaterialUpdate":false,"showSkybox":true,"showFlares":true,"showImageEffects":true,"showParticleSystems":true},"in2DMode":false,"pivot":{"x":0.9331989288330078,"y":-2.6605606079101564,"z":1.8168039321899415},"rotation":{"x":-0.16270270943641663,"y":0.8363907933235169,"z":-0.3482198417186737,"w":-0.390796422958374},"size":10.0,"orthographic":false}