{"cameraMode":{"drawMode":0,"name":"Shaded","section":"Shading Mode"},"sceneLighting":true,"audioPlay":false,"sceneViewState":{"showFog":true,"showMaterialUpdate":false,"showSkybox":true,"showFlares":true,"showImageEffects":true,"showParticleSystems":true},"in2DMode":false,"pivot":{"x":-0.4388037621974945,"y":-4.177305221557617,"z":-1477.3250732421875},"rotation":{"x":0.21172283589839936,"y":0.0019768006168305876,"z":-0.00016884281649254262,"w":0.9775028228759766},"size":17.3601131439209,"orthographic":false}