{"cameraMode":{"drawMode":0,"name":"Shaded","section":"Shading Mode"},"sceneLighting":false,"audioPlay":false,"sceneViewState":{"showFog":true,"showMaterialUpdate":false,"showSkybox":false,"showFlares":true,"showImageEffects":true,"showParticleSystems":true},"in2DMode":false,"pivot":{"x":-0.0005965905729681253,"y":0.15971264243125916,"z":-0.08394776284694672},"rotation":{"x":0.0682593286037445,"y":0.8986436128616333,"z":-0.15102240443229676,"w":0.40616968274116518},"size":0.9054307341575623,"orthographic":false}