{"cameraMode":{"drawMode":0,"name":"Shaded","section":"Shading Mode"},"sceneLighting":false,"audioPlay":false,"sceneViewState":{"showFog":true,"showMaterialUpdate":false,"showSkybox":false,"showFlares":true,"showImageEffects":true,"showParticleSystems":true},"in2DMode":false,"pivot":{"x":-0.0002276003360748291,"y":0.36049172282218935,"z":-0.0016545653343200684},"rotation":{"x":0.06747651100158692,"y":0.9149975776672363,"z":-0.17217978835105897,"w":0.35858312249183657},"size":1.418365240097046,"orthographic":false}