{"cameraMode":{"drawMode":0,"name":"Shaded","section":"Shading Mode"},"sceneLighting":true,"audioPlay":false,"sceneViewState":{"showFog":true,"showMaterialUpdate":false,"showSkybox":true,"showFlares":true,"showImageEffects":true,"showParticleSystems":true},"in2DMode":false,"pivot":{"x":-1.0972814559936524,"y":4.885040283203125,"z":-1474.7947998046875},"rotation":{"x":-0.03270113468170166,"y":-0.008539867587387562,"z":0.00001768918809830211,"w":0.9996013045310974},"size":16.29017448425293,"orthographic":false}