{"cameraMode":{"drawMode":0,"name":"Shaded","section":"Shading Mode"},"sceneLighting":false,"audioPlay":false,"sceneViewState":{"showFog":true,"showMaterialUpdate":false,"showSkybox":false,"showFlares":true,"showImageEffects":true,"showParticleSystems":true},"in2DMode":false,"pivot":{"x":0.2784729301929474,"y":0.8345794677734375,"z":-0.07366275787353516},"rotation":{"x":0.0010985658736899496,"y":-0.9154037833213806,"z":0.40255218744277956,"w":0.002463245065882802},"size":4.1987433433532719,"orthographic":false}