{"cameraMode":{"drawMode":0,"name":"Shaded","section":"Shading Mode"},"sceneLighting":false,"audioPlay":false,"sceneViewState":{"showFog":true,"showMaterialUpdate":false,"showSkybox":false,"showFlares":true,"showImageEffects":true,"showParticleSystems":true},"in2DMode":false,"pivot":{"x":0.15834307670593263,"y":1.5146484375,"z":2.1594927310943605},"rotation":{"x":0.0005757664912380278,"y":0.9987766742706299,"z":-0.047978099435567859,"w":0.01198593806475401},"size":1.5012562274932862,"orthographic":false}